competition,season,team,old_manager,new_manager,last_old_manager_match_date,first_new_manager_match_date,effective_change_date,last_old_manager_match_id,first_new_manager_match_id,last_old_manager_match_url,first_new_manager_match_url,change_type,source,note
J1,2005,名古屋,ネルシーニョ,中田 仁司,2005-09-17,2005-09-24,2005-09-24,20050917005,20050924006,https://soccer-db.net/result/20050917005,https://soccer-db.net/result/20050924006,inferred_from_match_record,soccer-db,Soccer D.B.の試合別監督名から推定。実際の解任発表日とは異なる可能性あり。
J1,2005,大分,ファンボ グァン,アーリ スカンズ,2005-08-27,2005-09-03,2005-09-03,20050827007,20050903009,https://soccer-db.net/result/20050827007,https://soccer-db.net/result/20050903009,inferred_from_match_record,soccer-db,Soccer D.B.の試合別監督名から推定。実際の解任発表日とは異なる可能性あり。
J1,2005,大分,アーリ スカンズ,ペリクレス シャムスカ,2005-09-03,2005-09-10,2005-09-10,20050903009,20050910001,https://soccer-db.net/result/20050903009,https://soccer-db.net/result/20050910001,inferred_from_match_record,soccer-db,Soccer D.B.の試合別監督名から推定。実際の解任発表日とは異なる可能性あり。
J1,2005,東京V,オズワルド アルディレス,石崎 信弘,2005-07-17,2005-07-23,2005-07-23,20050717005,20050723001,https://soccer-db.net/result/20050717005,https://soccer-db.net/result/20050723001,inferred_from_match_record,soccer-db,Soccer D.B.の試合別監督名から推定。実際の解任発表日とは異なる可能性あり。
J1,2005,東京V,石崎 信弘,バドン,2005-07-23,2005-08-21,2005-08-21,20050723001,20050821002,https://soccer-db.net/result/20050723001,https://soccer-db.net/result/20050821002,inferred_from_match_record,soccer-db,Soccer D.B.の試合別監督名から推定。実際の解任発表日とは異なる可能性あり。
J1,2005,神戸,松永 英機,パベル ジェハーク,2005-04-16,2005-04-23,2005-04-23,20050416005,20050423005,https://soccer-db.net/result/20050416005,https://soccer-db.net/result/20050423005,inferred_from_match_record,soccer-db,Soccer D.B.の試合別監督名から推定。実際の解任発表日とは異なる可能性あり。
J1,2005,神戸,パベル ジェハーク,エメルソン レオン,2005-04-28,2005-05-01,2005-05-01,20050428009,20050501003,https://soccer-db.net/result/20050428009,https://soccer-db.net/result/20050501003,inferred_from_match_record,soccer-db,Soccer D.B.の試合別監督名から推定。実際の解任発表日とは異なる可能性あり。
J1,2005,神戸,エメルソン レオン,パベル ジェハーク,2005-05-14,2005-07-02,2005-07-02,20050514006,20050702006,https://soccer-db.net/result/20050514006,https://soccer-db.net/result/20050702006,inferred_from_match_record,soccer-db,Soccer D.B.の試合別監督名から推定。実際の解任発表日とは異なる可能性あり。
J1,2005,神戸,パベル ジェハーク,和田 昌裕,2005-07-23,2005-08-20,2005-08-20,20050723004,20050820002,https://soccer-db.net/result/20050723004,https://soccer-db.net/result/20050820002,inferred_from_match_record,soccer-db,Soccer D.B.の試合別監督名から推定。実際の解任発表日とは異なる可能性あり。
J1,2005,神戸,和田 昌裕,パベル ジェハーク,2005-08-20,2005-08-24,2005-08-24,20050820002,20050824002,https://soccer-db.net/result/20050820002,https://soccer-db.net/result/20050824002,inferred_from_match_record,soccer-db,Soccer D.B.の試合別監督名から推定。実際の解任発表日とは異なる可能性あり。
J1,2006,C大阪,小林 伸二,塚田 雄二,2006-04-15,2006-04-22,2006-04-22,20060415003,20060422006,https://soccer-db.net/result/20060415003,https://soccer-db.net/result/20060422006,inferred_from_match_record,soccer-db,Soccer D.B.の試合別監督名から推定。実際の解任発表日とは異なる可能性あり。
J1,2006,FC東京,アレッシャンドレ ガーロ,倉又 寿雄,2006-08-12,2006-08-20,2006-08-20,20060812002,20060820002,https://soccer-db.net/result/20060812002,https://soccer-db.net/result/20060820002,inferred_from_match_record,soccer-db,Soccer D.B.の試合別監督名から推定。実際の解任発表日とは異なる可能性あり。
J1,2006,京都,柱谷 幸一,美濃部 直彦,2006-09-30,2006-10-06,2006-10-06,20060930004,20061006001,https://soccer-db.net/result/20060930004,https://soccer-db.net/result/20061006001,inferred_from_match_record,soccer-db,Soccer D.B.の試合別監督名から推定。実際の解任発表日とは異なる可能性あり。
J1,2006,千葉,イビツァ オシム,アマル オシム,2006-05-06,2006-07-19,2006-07-19,20060506002,20060719003,https://soccer-db.net/result/20060506002,https://soccer-db.net/result/20060719003,inferred_from_match_record,soccer-db,Soccer D.B.の試合別監督名から推定。実際の解任発表日とは異なる可能性あり。
J1,2006,名古屋,セフ フェルフォーセン,ドワイト ローデベーヘス,2006-04-22,2006-04-29,2006-04-29,20060422001,20060429007,https://soccer-db.net/result/20060422001,https://soccer-db.net/result/20060429007,inferred_from_match_record,soccer-db,Soccer D.B.の試合別監督名から推定。実際の解任発表日とは異なる可能性あり。
J1,2006,名古屋,ドワイト ローデベーヘス,セフ フェルフォーセン,2006-04-29,2006-05-03,2006-05-03,20060429007,20060503008,https://soccer-db.net/result/20060429007,https://soccer-db.net/result/20060503008,inferred_from_match_record,soccer-db,Soccer D.B.の試合別監督名から推定。実際の解任発表日とは異なる可能性あり。
J1,2006,川崎F,関塚 隆,高畠 勉,2006-07-29,2006-08-12,2006-08-12,20060729007,20060812003,https://soccer-db.net/result/20060729007,https://soccer-db.net/result/20060812003,inferred_from_match_record,soccer-db,Soccer D.B.の試合別監督名から推定。実際の解任発表日とは異なる可能性あり。
J1,2006,川崎F,高畠 勉,関塚 隆,2006-08-12,2006-08-19,2006-08-19,20060812003,20060819003,https://soccer-db.net/result/20060812003,https://soccer-db.net/result/20060819003,inferred_from_match_record,soccer-db,Soccer D.B.の試合別監督名から推定。実際の解任発表日とは異なる可能性あり。
J1,2006,広島,小野 剛,望月 一頼,2006-04-16,2006-04-22,2006-04-22,20060416002,20060422006,https://soccer-db.net/result/20060416002,https://soccer-db.net/result/20060422006,inferred_from_match_record,soccer-db,Soccer D.B.の試合別監督名から推定。実際の解任発表日とは異なる可能性あり。
J1,2006,広島,望月 一頼,ミハイロ ペトロビッチ,2006-05-06,2006-07-19,2006-07-19,20060506005,20060719007,https://soccer-db.net/result/20060506005,https://soccer-db.net/result/20060719007,inferred_from_match_record,soccer-db,Soccer D.B.の試合別監督名から推定。実際の解任発表日とは異なる可能性あり。
J1,2006,横浜FM,岡田 武史,水沼 貴史,2006-08-23,2006-08-27,2006-08-27,20060823004,20060827002,https://soccer-db.net/result/20060823004,https://soccer-db.net/result/20060827002,inferred_from_match_record,soccer-db,Soccer D.B.の試合別監督名から推定。実際の解任発表日とは異なる可能性あり。
J1,2006,磐田,山本 昌邦,アジウソン,2006-05-06,2006-07-12,2006-07-12,20060506003,20060712001,https://soccer-db.net/result/20060506003,https://soccer-db.net/result/20060712001,inferred_from_match_record,soccer-db,Soccer D.B.の試合別監督名から推定。実際の解任発表日とは異なる可能性あり。
J1,2006,福岡,松田 浩,川勝 良一,2006-05-06,2006-07-19,2006-07-19,20060506005,20060719009,https://soccer-db.net/result/20060506005,https://soccer-db.net/result/20060719009,inferred_from_match_record,soccer-db,Soccer D.B.の試合別監督名から推定。実際の解任発表日とは異なる可能性あり。
J1,2007,名古屋,セフ フェルフォーセン,ドワイト ローデベーヘス,2007-08-29,2007-09-01,2007-09-01,20070829003,20070901007,https://soccer-db.net/result/20070829003,https://soccer-db.net/result/20070901007,inferred_from_match_record,soccer-db,Soccer D.B.の試合別監督名から推定。実際の解任発表日とは異なる可能性あり。
J1,2007,名古屋,ドワイト ローデベーヘス,セフ フェルフォーセン,2007-09-01,2007-09-15,2007-09-15,20070901007,20070915007,https://soccer-db.net/result/20070901007,https://soccer-db.net/result/20070915007,inferred_from_match_record,soccer-db,Soccer D.B.の試合別監督名から推定。実際の解任発表日とは異なる可能性あり。
J1,2007,大宮,ロバート ファーベーク,佐久間 悟,2007-06-30,2007-08-11,2007-08-11,20070630004,20070811005,https://soccer-db.net/result/20070630004,https://soccer-db.net/result/20070811005,inferred_from_match_record,soccer-db,Soccer D.B.の試合別監督名から推定。実際の解任発表日とは異なる可能性あり。
J1,2007,川崎F,関塚 隆,高畠 勉,2007-05-19,2007-05-27,2007-05-27,20070519004,20070527002,https://soccer-db.net/result/20070519004,https://soccer-db.net/result/20070527002,inferred_from_match_record,soccer-db,Soccer D.B.の試合別監督名から推定。実際の解任発表日とは異なる可能性あり。
J1,2007,川崎F,高畠 勉,関塚 隆,2007-05-27,2007-06-09,2007-06-09,20070527002,20070609006,https://soccer-db.net/result/20070527002,https://soccer-db.net/result/20070609006,inferred_from_match_record,soccer-db,Soccer D.B.の試合別監督名から推定。実際の解任発表日とは異なる可能性あり。
J1,2007,横浜FC,高木 琢也,ジュリオ レアル,2007-08-25,2007-08-29,2007-08-29,20070825001,20070829006,https://soccer-db.net/result/20070825001,https://soccer-db.net/result/20070829006,inferred_from_match_record,soccer-db,Soccer D.B.の試合別監督名から推定。実際の解任発表日とは異なる可能性あり。
J1,2007,磐田,アジウソン,内山 篤,2007-09-01,2007-09-15,2007-09-15,20070901006,20070915003,https://soccer-db.net/result/20070901006,https://soccer-db.net/result/20070915003,inferred_from_match_record,soccer-db,Soccer D.B.の試合別監督名から推定。実際の解任発表日とは異なる可能性あり。
J1,2008,京都,加藤 久,上野 展裕,2008-04-19,2008-04-26,2008-04-26,20080419004,20080426005,https://soccer-db.net/result/20080419004,https://soccer-db.net/result/20080426005,inferred_from_match_record,soccer-db,Soccer D.B.の試合別監督名から推定。実際の解任発表日とは異なる可能性あり。
J1,2008,京都,上野 展裕,加藤 久,2008-04-26,2008-04-29,2008-04-29,20080426005,20080429002,https://soccer-db.net/result/20080426005,https://soccer-db.net/result/20080429002,inferred_from_match_record,soccer-db,Soccer D.B.の試合別監督名から推定。実際の解任発表日とは異なる可能性あり。
J1,2008,千葉,ヨジップ クゼ,澤入 重雄,2008-05-06,2008-05-10,2008-05-10,20080506007,20080510004,https://soccer-db.net/result/20080506007,https://soccer-db.net/result/20080510004,inferred_from_match_record,soccer-db,Soccer D.B.の試合別監督名から推定。実際の解任発表日とは異なる可能性あり。
J1,2008,千葉,澤入 重雄,アレックス ミラー,2008-05-17,2008-06-29,2008-06-29,20080517006,20080629002,https://soccer-db.net/result/20080517006,https://soccer-db.net/result/20080629002,inferred_from_match_record,soccer-db,Soccer D.B.の試合別監督名から推定。実際の解任発表日とは異なる可能性あり。
J1,2008,大分,ペリクレス シャムスカ,マルセロ,2008-09-27,2008-10-04,2008-10-04,20080927002,20081004002,https://soccer-db.net/result/20080927002,https://soccer-db.net/result/20081004002,inferred_from_match_record,soccer-db,Soccer D.B.の試合別監督名から推定。実際の解任発表日とは異なる可能性あり。
J1,2008,大分,マルセロ,ペリクレス シャムスカ,2008-10-04,2008-10-18,2008-10-18,20081004002,20081018001,https://soccer-db.net/result/20081004002,https://soccer-db.net/result/20081018001,inferred_from_match_record,soccer-db,Soccer D.B.の試合別監督名から推定。実際の解任発表日とは異なる可能性あり。
J1,2008,川崎F,関塚 隆,高畠 勉,2008-04-05,2008-04-12,2008-04-12,20080405007,20080412006,https://soccer-db.net/result/20080405007,https://soccer-db.net/result/20080412006,inferred_from_match_record,soccer-db,Soccer D.B.の試合別監督名から推定。実際の解任発表日とは異なる可能性あり。
J1,2008,横浜FM,桑原 隆,木村 浩吉,2008-07-13,2008-07-16,2008-07-16,20080713003,20080716003,https://soccer-db.net/result/20080713003,https://soccer-db.net/result/20080716003,inferred_from_match_record,soccer-db,Soccer D.B.の試合別監督名から推定。実際の解任発表日とは異なる可能性あり。
J1,2008,浦和,ホルガー オジェック,ゲルト エンゲルス,2008-03-15,2008-03-30,2008-03-30,20080315002,20080330006,https://soccer-db.net/result/20080315002,https://soccer-db.net/result/20080330006,inferred_from_match_record,soccer-db,Soccer D.B.の試合別監督名から推定。実際の解任発表日とは異なる可能性あり。
J1,2008,磐田,内山 篤,ハンス オフト,2008-08-27,2008-09-13,2008-09-13,20080827003,20080913006,https://soccer-db.net/result/20080827003,https://soccer-db.net/result/20080913006,inferred_from_match_record,soccer-db,Soccer D.B.の試合別監督名から推定。実際の解任発表日とは異なる可能性あり。
J1,2009,千葉,アレックス ミラー,江尻 篤彦,2009-07-25,2009-08-01,2009-08-01,20090725004,20090801004,https://soccer-db.net/result/20090725004,https://soccer-db.net/result/20090801004,inferred_from_match_record,soccer-db,Soccer D.B.の試合別監督名から推定。実際の解任発表日とは異なる可能性あり。
J1,2009,名古屋,ドラガン ストイコビッチ,ボシュコ ジュロブスキー,2009-10-17,2009-10-25,2009-10-25,20091017006,20091025003,https://soccer-db.net/result/20091017006,https://soccer-db.net/result/20091025003,inferred_from_match_record,soccer-db,Soccer D.B.の試合別監督名から推定。実際の解任発表日とは異なる可能性あり。
J1,2009,名古屋,ボシュコ ジュロブスキー,ドラガン ストイコビッチ,2009-10-25,2009-11-08,2009-11-08,20091025003,20091108001,https://soccer-db.net/result/20091025003,https://soccer-db.net/result/20091108001,inferred_from_match_record,soccer-db,Soccer D.B.の試合別監督名から推定。実際の解任発表日とは異なる可能性あり。
J1,2009,大分,ペリクレス シャムスカ,松山 博明,2009-07-12,2009-07-18,2009-07-18,20090712003,20090718006,https://soccer-db.net/result/20090712003,https://soccer-db.net/result/20090718006,inferred_from_match_record,soccer-db,Soccer D.B.の試合別監督名から推定。実際の解任発表日とは異なる可能性あり。
J1,2009,大分,松山 博明,ランコ ポポビッチ,2009-07-18,2009-07-25,2009-07-25,20090718006,20090725005,https://soccer-db.net/result/20090718006,https://soccer-db.net/result/20090725005,inferred_from_match_record,soccer-db,Soccer D.B.の試合別監督名から推定。実際の解任発表日とは異なる可能性あり。
J1,2009,柏,高橋 真一郎,井原 正巳,2009-07-12,2009-07-19,2009-07-19,20090712001,20090719003,https://soccer-db.net/result/20090712001,https://soccer-db.net/result/20090719003,inferred_from_match_record,soccer-db,Soccer D.B.の試合別監督名から推定。実際の解任発表日とは異なる可能性あり。
J1,2009,柏,井原 正巳,ネルシーニョ,2009-07-25,2009-08-02,2009-08-02,20090725002,20090802003,https://soccer-db.net/result/20090725002,https://soccer-db.net/result/20090802003,inferred_from_match_record,soccer-db,Soccer D.B.の試合別監督名から推定。実際の解任発表日とは異なる可能性あり。
J1,2009,神戸,カイオ ジュニオール,和田 昌裕,2009-06-27,2009-07-04,2009-07-04,20090627003,20090704005,https://soccer-db.net/result/20090627003,https://soccer-db.net/result/20090704005,inferred_from_match_record,soccer-db,Soccer D.B.の試合別監督名から推定。実際の解任発表日とは異なる可能性あり。
J1,2009,神戸,和田 昌裕,三浦 俊也,2009-08-02,2009-08-15,2009-08-15,20090802003,20090815005,https://soccer-db.net/result/20090802003,https://soccer-db.net/result/20090815005,inferred_from_match_record,soccer-db,Soccer D.B.の試合別監督名から推定。実際の解任発表日とは異なる可能性あり。
J1,2010,FC東京,城福 浩,大熊 清,2010-09-18,2010-09-25,2010-09-25,20100918002,20100925001,https://soccer-db.net/result/20100918002,https://soccer-db.net/result/20100925001,inferred_from_match_record,soccer-db,Soccer D.B.の試合別監督名から推定。実際の解任発表日とは異なる可能性あり。
J1,2010,京都,加藤 久,秋田 豊,2010-07-25,2010-07-28,2010-07-28,20100725003,20100728005,https://soccer-db.net/result/20100725003,https://soccer-db.net/result/20100728005,inferred_from_match_record,soccer-db,Soccer D.B.の試合別監督名から推定。実際の解任発表日とは異なる可能性あり。
J1,2010,大宮,チャン ウェリョン,鈴木 淳,2010-04-24,2010-05-01,2010-05-01,20100424001,20100501008,https://soccer-db.net/result/20100424001,https://soccer-db.net/result/20100501008,inferred_from_match_record,soccer-db,Soccer D.B.の試合別監督名から推定。実際の解任発表日とは異なる可能性あり。
J1,2010,山形,小林 伸二,長島 裕明,2010-11-14,2010-11-20,2010-11-20,20101114007,20101120006,https://soccer-db.net/result/20101114007,https://soccer-db.net/result/20101120006,inferred_from_match_record,soccer-db,Soccer D.B.の試合別監督名から推定。実際の解任発表日とは異なる可能性あり。
J1,2010,山形,長島 裕明,小林 伸二,2010-11-20,2010-11-23,2010-11-23,20101120006,20101123009,https://soccer-db.net/result/20101120006,https://soccer-db.net/result/20101123009,inferred_from_match_record,soccer-db,Soccer D.B.の試合別監督名から推定。実際の解任発表日とは異なる可能性あり。
J1,2010,広島,ミハイロ ペトロビッチ,横内 昭展,2010-11-27,2010-12-04,2010-12-04,20101127007,20101204007,https://soccer-db.net/result/20101127007,https://soccer-db.net/result/20101204007,inferred_from_match_record,soccer-db,Soccer D.B.の試合別監督名から推定。実際の解任発表日とは異なる可能性あり。
J1,2010,神戸,三浦 俊也,和田 昌裕,2010-09-11,2010-09-18,2010-09-18,20100911005,20100918001,https://soccer-db.net/result/20100911005,https://soccer-db.net/result/20100918001,inferred_from_match_record,soccer-db,Soccer D.B.の試合別監督名から推定。実際の解任発表日とは異なる可能性あり。
J1,2010,鹿島,オズワルド オリベイラ,奥野 僚右,2010-07-31,2010-08-07,2010-08-07,20100731002,20100807003,https://soccer-db.net/result/20100731002,https://soccer-db.net/result/20100807003,inferred_from_match_record,soccer-db,Soccer D.B.の試合別監督名から推定。実際の解任発表日とは異なる可能性あり。
J1,2010,鹿島,奥野 僚右,オズワルド オリベイラ,2010-08-07,2010-08-14,2010-08-14,20100807003,20100814004,https://soccer-db.net/result/20100807003,https://soccer-db.net/result/20100814004,inferred_from_match_record,soccer-db,Soccer D.B.の試合別監督名から推定。実際の解任発表日とは異なる可能性あり。
J1,2011,名古屋,ドラガン ストイコビッチ,ボシュコ ジュロブスキー,2011-09-10,2011-09-18,2011-09-18,20110910003,20110918002,https://soccer-db.net/result/20110910003,https://soccer-db.net/result/20110918002,inferred_from_match_record,soccer-db,Soccer D.B.の試合別監督名から推定。実際の解任発表日とは異なる可能性あり。
J1,2011,名古屋,ボシュコ ジュロブスキー,ドラガン ストイコビッチ,2011-09-18,2011-09-23,2011-09-23,20110918002,20110923001,https://soccer-db.net/result/20110918002,https://soccer-db.net/result/20110923001,inferred_from_match_record,soccer-db,Soccer D.B.の試合別監督名から推定。実際の解任発表日とは異なる可能性あり。
J1,2011,広島,ミハイロ ペトロビッチ,横内 昭展,2011-07-10,2011-07-13,2011-07-13,20110710003,20110713003,https://soccer-db.net/result/20110710003,https://soccer-db.net/result/20110713003,inferred_from_match_record,soccer-db,Soccer D.B.の試合別監督名から推定。実際の解任発表日とは異なる可能性あり。
J1,2011,広島,横内 昭展,ミハイロ ペトロビッチ,2011-07-18,2011-07-23,2011-07-23,20110718001,20110723006,https://soccer-db.net/result/20110718001,https://soccer-db.net/result/20110723006,inferred_from_match_record,soccer-db,Soccer D.B.の試合別監督名から推定。実際の解任発表日とは異なる可能性あり。
J1,2011,広島,ミハイロ ペトロビッチ,横内 昭展,2011-07-23,2011-07-30,2011-07-30,20110723006,20110730006,https://soccer-db.net/result/20110723006,https://soccer-db.net/result/20110730006,inferred_from_match_record,soccer-db,Soccer D.B.の試合別監督名から推定。実際の解任発表日とは異なる可能性あり。
J1,2011,広島,横内 昭展,ミハイロ ペトロビッチ,2011-07-30,2011-08-06,2011-08-06,20110730006,20110806002,https://soccer-db.net/result/20110730006,https://soccer-db.net/result/20110806002,inferred_from_match_record,soccer-db,Soccer D.B.の試合別監督名から推定。実際の解任発表日とは異なる可能性あり。
J1,2011,新潟,黒崎 久志,森保 一,2011-06-18,2011-06-22,2011-06-22,20110618007,20110622009,https://soccer-db.net/result/20110618007,https://soccer-db.net/result/20110622009,inferred_from_match_record,soccer-db,Soccer D.B.の試合別監督名から推定。実際の解任発表日とは異なる可能性あり。
J1,2011,新潟,森保 一,黒崎 久志,2011-06-22,2011-06-25,2011-06-25,20110622009,20110625003,https://soccer-db.net/result/20110622009,https://soccer-db.net/result/20110625003,inferred_from_match_record,soccer-db,Soccer D.B.の試合別監督名から推定。実際の解任発表日とは異なる可能性あり。
J1,2011,浦和,ジェリコ ペトロビッチ,堀 孝史,2011-10-15,2011-10-22,2011-10-22,20111015004,20111022004,https://soccer-db.net/result/20111015004,https://soccer-db.net/result/20111022004,inferred_from_match_record,soccer-db,Soccer D.B.の試合別監督名から推定。実際の解任発表日とは異なる可能性あり。
J1,2011,甲府,三浦 俊也,佐久間 悟,2011-08-06,2011-08-13,2011-08-13,20110806002,20110813003,https://soccer-db.net/result/20110806002,https://soccer-db.net/result/20110813003,inferred_from_match_record,soccer-db,Soccer D.B.の試合別監督名から推定。実際の解任発表日とは異なる可能性あり。
J1,2011,福岡,篠田 善之,浅野 哲也,2011-07-31,2011-08-07,2011-08-07,20110731003,20110807001,https://soccer-db.net/result/20110731003,https://soccer-db.net/result/20110807001,inferred_from_match_record,soccer-db,Soccer D.B.の試合別監督名から推定。実際の解任発表日とは異なる可能性あり。
J1,2011,鹿島,オズワルド オリベイラ,奥野 僚右,2011-03-06,2011-04-23,2011-04-23,20110306002,20110423001,https://soccer-db.net/result/20110306002,https://soccer-db.net/result/20110423001,inferred_from_match_record,soccer-db,Soccer D.B.の試合別監督名から推定。実際の解任発表日とは異なる可能性あり。
J1,2011,鹿島,奥野 僚右,オズワルド オリベイラ,2011-04-23,2011-04-29,2011-04-29,20110423001,20110429001,https://soccer-db.net/result/20110423001,https://soccer-db.net/result/20110429001,inferred_from_match_record,soccer-db,Soccer D.B.の試合別監督名から推定。実際の解任発表日とは異なる可能性あり。
J1,2012,C大阪,セルジオ ソアレス,レビー クルピ,2012-08-25,2012-09-01,2012-09-01,20120825007,20120901006,https://soccer-db.net/result/20120825007,https://soccer-db.net/result/20120901006,inferred_from_match_record,soccer-db,Soccer D.B.の試合別監督名から推定。実際の解任発表日とは異なる可能性あり。
J1,2012,C大阪,レビー クルピ,ルイス ロベルト マテル,2012-11-07,2012-11-17,2012-11-17,20121107001,20121117009,https://soccer-db.net/result/20121107001,https://soccer-db.net/result/20121117009,inferred_from_match_record,soccer-db,Soccer D.B.の試合別監督名から推定。実際の解任発表日とは異なる可能性あり。
J1,2012,C大阪,ルイス ロベルト マテル,レビー クルピ,2012-11-17,2012-11-24,2012-11-24,20121117009,20121124004,https://soccer-db.net/result/20121117009,https://soccer-db.net/result/20121124004,inferred_from_match_record,soccer-db,Soccer D.B.の試合別監督名から推定。実際の解任発表日とは異なる可能性あり。
J1,2012,FC東京,ランコ ポポビッチ,長島 裕明,2012-04-21,2012-04-28,2012-04-28,20120421008,20120428001,https://soccer-db.net/result/20120421008,https://soccer-db.net/result/20120428001,inferred_from_match_record,soccer-db,Soccer D.B.の試合別監督名から推定。実際の解任発表日とは異なる可能性あり。
J1,2012,FC東京,長島 裕明,ランコ ポポビッチ,2012-04-28,2012-05-06,2012-05-06,20120428001,20120506009,https://soccer-db.net/result/20120428001,https://soccer-db.net/result/20120506009,inferred_from_match_record,soccer-db,Soccer D.B.の試合別監督名から推定。実際の解任発表日とは異なる可能性あり。
J1,2012,G大阪,ジョゼ カルロス セホーン,松波 正信,2012-03-25,2012-03-31,2012-03-31,20120325002,20120331006,https://soccer-db.net/result/20120325002,https://soccer-db.net/result/20120331006,inferred_from_match_record,soccer-db,Soccer D.B.の試合別監督名から推定。実際の解任発表日とは異なる可能性あり。
J1,2012,名古屋,ドラガン ストイコビッチ,ボシュコ ジュロブスキー,2012-07-28,2012-08-04,2012-08-04,20120728001,20120804005,https://soccer-db.net/result/20120728001,https://soccer-db.net/result/20120804005,inferred_from_match_record,soccer-db,Soccer D.B.の試合別監督名から推定。実際の解任発表日とは異なる可能性あり。
J1,2012,名古屋,ボシュコ ジュロブスキー,ドラガン ストイコビッチ,2012-08-04,2012-08-11,2012-08-11,20120804005,20120811002,https://soccer-db.net/result/20120804005,https://soccer-db.net/result/20120811002,inferred_from_match_record,soccer-db,Soccer D.B.の試合別監督名から推定。実際の解任発表日とは異なる可能性あり。
J1,2012,大宮,鈴木 淳,ベルデニック,2012-05-26,2012-06-16,2012-06-16,20120526004,20120616003,https://soccer-db.net/result/20120526004,https://soccer-db.net/result/20120616003,inferred_from_match_record,soccer-db,Soccer D.B.の試合別監督名から推定。実際の解任発表日とは異なる可能性あり。
J1,2012,川崎F,相馬 直樹,望月 達也,2012-04-08,2012-04-14,2012-04-14,20120408001,20120414008,https://soccer-db.net/result/20120408001,https://soccer-db.net/result/20120414008,inferred_from_match_record,soccer-db,Soccer D.B.の試合別監督名から推定。実際の解任発表日とは異なる可能性あり。
J1,2012,川崎F,望月 達也,風間 八宏,2012-04-21,2012-04-28,2012-04-28,20120421001,20120428004,https://soccer-db.net/result/20120421001,https://soccer-db.net/result/20120428004,inferred_from_match_record,soccer-db,Soccer D.B.の試合別監督名から推定。実際の解任発表日とは異なる可能性あり。
J1,2012,新潟,黒崎 久志,上野 展裕,2012-05-19,2012-05-26,2012-05-26,20120519003,20120526006,https://soccer-db.net/result/20120519003,https://soccer-db.net/result/20120526006,inferred_from_match_record,soccer-db,Soccer D.B.の試合別監督名から推定。実際の解任発表日とは異なる可能性あり。
J1,2012,新潟,上野 展裕,柳下 正明,2012-05-26,2012-06-16,2012-06-16,20120526006,20120616005,https://soccer-db.net/result/20120526006,https://soccer-db.net/result/20120616005,inferred_from_match_record,soccer-db,Soccer D.B.の試合別監督名から推定。実際の解任発表日とは異なる可能性あり。
J1,2012,新潟,柳下 正明,栗原 克志,2012-11-24,2012-12-01,2012-12-01,20121124001,20121201005,https://soccer-db.net/result/20121124001,https://soccer-db.net/result/20121201005,inferred_from_match_record,soccer-db,Soccer D.B.の試合別監督名から推定。実際の解任発表日とは異なる可能性あり。
J1,2012,神戸,和田 昌裕,安達 亮,2012-04-28,2012-05-03,2012-05-03,20120428007,20120503002,https://soccer-db.net/result/20120428007,https://soccer-db.net/result/20120503002,inferred_from_match_record,soccer-db,Soccer D.B.の試合別監督名から推定。実際の解任発表日とは異なる可能性あり。
J1,2012,神戸,安達 亮,西野 朗,2012-05-19,2012-05-26,2012-05-26,20120519002,20120526005,https://soccer-db.net/result/20120519002,https://soccer-db.net/result/20120526005,inferred_from_match_record,soccer-db,Soccer D.B.の試合別監督名から推定。実際の解任発表日とは異なる可能性あり。
J1,2012,神戸,西野 朗,安達 亮,2012-11-07,2012-11-17,2012-11-17,20121107007,20121117007,https://soccer-db.net/result/20121107007,https://soccer-db.net/result/20121117007,inferred_from_match_record,soccer-db,Soccer D.B.の試合別監督名から推定。実際の解任発表日とは異なる可能性あり。
J1,2012,鳥栖,ユン ジョンファン,キム ピョンソク,2012-03-31,2012-04-07,2012-04-07,20120331009,20120407003,https://soccer-db.net/result/20120331009,https://soccer-db.net/result/20120407003,inferred_from_match_record,soccer-db,Soccer D.B.の試合別監督名から推定。実際の解任発表日とは異なる可能性あり。
J1,2012,鳥栖,キム ピョンソク,ユン ジョンファン,2012-04-07,2012-04-14,2012-04-14,20120407003,20120414007,https://soccer-db.net/result/20120407003,https://soccer-db.net/result/20120414007,inferred_from_match_record,soccer-db,Soccer D.B.の試合別監督名から推定。実際の解任発表日とは異なる可能性あり。
J1,2012,鹿島,ジョルジーニョ,アイルトン,2012-04-07,2012-04-14,2012-04-14,20120407007,20120414002,https://soccer-db.net/result/20120407007,https://soccer-db.net/result/20120414002,inferred_from_match_record,soccer-db,Soccer D.B.の試合別監督名から推定。実際の解任発表日とは異なる可能性あり。
J1,2012,鹿島,アイルトン,ジョルジーニョ,2012-04-14,2012-04-21,2012-04-21,20120414002,20120421005,https://soccer-db.net/result/20120414002,https://soccer-db.net/result/20120421005,inferred_from_match_record,soccer-db,Soccer D.B.の試合別監督名から推定。実際の解任発表日とは異なる可能性あり。
J1,2013,C大阪,レビー クルピ,ルイス ロベルト マテル,2013-07-17,2013-07-31,2013-07-31,20130717007,20130731003,https://soccer-db.net/result/20130717007,https://soccer-db.net/result/20130731003,inferred_from_match_record,soccer-db,Soccer D.B.の試合別監督名から推定。実際の解任発表日とは異なる可能性あり。
J1,2013,C大阪,ルイス ロベルト マテル,レビー クルピ,2013-07-31,2013-08-03,2013-08-03,20130731003,20130803009,https://soccer-db.net/result/20130731003,https://soccer-db.net/result/20130803009,inferred_from_match_record,soccer-db,Soccer D.B.の試合別監督名から推定。実際の解任発表日とは異なる可能性あり。
J1,2013,大宮,ベルデニック,岡本 武行,2013-08-10,2013-08-17,2013-08-17,20130810004,20130817009,https://soccer-db.net/result/20130810004,https://soccer-db.net/result/20130817009,inferred_from_match_record,soccer-db,Soccer D.B.の試合別監督名から推定。実際の解任発表日とは異なる可能性あり。
J1,2013,大宮,岡本 武行,小倉 勉,2013-08-17,2013-08-24,2013-08-24,20130817009,20130824003,https://soccer-db.net/result/20130817009,https://soccer-db.net/result/20130824003,inferred_from_match_record,soccer-db,Soccer D.B.の試合別監督名から推定。実際の解任発表日とは異なる可能性あり。
J1,2013,甲府,城福 浩,渋谷 洋樹,2013-05-25,2013-07-06,2013-07-06,20130525002,20130706001,https://soccer-db.net/result/20130525002,https://soccer-db.net/result/20130706001,inferred_from_match_record,soccer-db,Soccer D.B.の試合別監督名から推定。実際の解任発表日とは異なる可能性あり。
J1,2013,甲府,渋谷 洋樹,城福 浩,2013-07-06,2013-07-10,2013-07-10,20130706001,20130710007,https://soccer-db.net/result/20130706001,https://soccer-db.net/result/20130710007,inferred_from_match_record,soccer-db,Soccer D.B.の試合別監督名から推定。実際の解任発表日とは異なる可能性あり。
J1,2013,磐田,森下 仁志,長澤 徹,2013-05-03,2013-05-06,2013-05-06,20130503002,20130506004,https://soccer-db.net/result/20130503002,https://soccer-db.net/result/20130506004,inferred_from_match_record,soccer-db,Soccer D.B.の試合別監督名から推定。実際の解任発表日とは異なる可能性あり。
J1,2013,磐田,長澤 徹,関塚 隆,2013-05-25,2013-07-06,2013-07-06,20130525006,20130706008,https://soccer-db.net/result/20130525006,https://soccer-db.net/result/20130706008,inferred_from_match_record,soccer-db,Soccer D.B.の試合別監督名から推定。実際の解任発表日とは異なる可能性あり。
J1,2014,C大阪,ランコ ポポビッチ,マルコ ペッツァイオリ,2014-05-17,2014-07-15,2014-07-15,20140517002,20140715002,https://soccer-db.net/result/20140517002,https://soccer-db.net/result/20140715002,inferred_from_match_record,soccer-db,Soccer D.B.の試合別監督名から推定。実際の解任発表日とは異なる可能性あり。
J1,2014,C大阪,マルコ ペッツァイオリ,大熊 裕司,2014-08-30,2014-09-13,2014-09-13,20140830008,20140913008,https://soccer-db.net/result/20140830008,https://soccer-db.net/result/20140913008,inferred_from_match_record,soccer-db,Soccer D.B.の試合別監督名から推定。実際の解任発表日とは異なる可能性あり。
J1,2014,仙台,グラハム アーノルド,渡邉 晋,2014-04-06,2014-04-12,2014-04-12,20140406009,20140412001,https://soccer-db.net/result/20140406009,https://soccer-db.net/result/20140412001,inferred_from_match_record,soccer-db,Soccer D.B.の試合別監督名から推定。実際の解任発表日とは異なる可能性あり。
J1,2014,大宮,大熊 清,渋谷 洋樹,2014-08-30,2014-09-13,2014-09-13,20140830002,20140913001,https://soccer-db.net/result/20140830002,https://soccer-db.net/result/20140913001,inferred_from_match_record,soccer-db,Soccer D.B.の試合別監督名から推定。実際の解任発表日とは異なる可能性あり。
J1,2014,清水,アフシン ゴトビ,大榎 克己,2014-07-27,2014-08-02,2014-08-02,20140727005,20140802005,https://soccer-db.net/result/20140727005,https://soccer-db.net/result/20140802005,inferred_from_match_record,soccer-db,Soccer D.B.の試合別監督名から推定。実際の解任発表日とは異なる可能性あり。
J1,2014,鳥栖,ユン ジョンファン,吉田 恵,2014-08-02,2014-08-11,2014-08-11,20140802009,20140811001,https://soccer-db.net/result/20140802009,https://soccer-db.net/result/20140811001,inferred_from_match_record,soccer-db,Soccer D.B.の試合別監督名から推定。実際の解任発表日とは異なる可能性あり。
J1,2015,仙台,渡邉 晋,原崎 政人,2015-05-06,2015-05-10,2015-05-10,20150506007,20150510011,https://soccer-db.net/result/20150506007,https://soccer-db.net/result/20150510011,inferred_from_match_record,soccer-db,Soccer D.B.の試合別監督名から推定。実際の解任発表日とは異なる可能性あり。
J1,2015,仙台,原崎 政人,渡邉 晋,2015-05-10,2015-05-16,2015-05-16,20150510011,20150516003,https://soccer-db.net/result/20150510011,https://soccer-db.net/result/20150516003,inferred_from_match_record,soccer-db,Soccer D.B.の試合別監督名から推定。実際の解任発表日とは異なる可能性あり。
J1,2015,清水,大榎 克己,田坂 和昭,2015-07-29,2015-08-12,2015-08-12,20150729004,20150812006,https://soccer-db.net/result/20150729004,https://soccer-db.net/result/20150812006,inferred_from_match_record,soccer-db,Soccer D.B.の試合別監督名から推定。実際の解任発表日とは異なる可能性あり。
J1,2015,甲府,樋口 靖洋,佐久間 悟,2015-05-10,2015-05-16,2015-05-16,20150510010,20150516001,https://soccer-db.net/result/20150510010,https://soccer-db.net/result/20150516001,inferred_from_match_record,soccer-db,Soccer D.B.の試合別監督名から推定。実際の解任発表日とは異なる可能性あり。
J1,2015,鹿島,トニーニョ セレーゾ,石井 正忠,2015-07-19,2015-07-25,2015-07-25,20150719006,20150725003,https://soccer-db.net/result/20150719006,https://soccer-db.net/result/20150725003,inferred_from_match_record,soccer-db,Soccer D.B.の試合別監督名から推定。実際の解任発表日とは異なる可能性あり。
J1,2016,FC東京,城福 浩,篠田 善之,2016-07-23,2016-07-30,2016-07-30,20160723005,20160730004,https://soccer-db.net/result/20160723005,https://soccer-db.net/result/20160730004,inferred_from_match_record,soccer-db,Soccer D.B.の試合別監督名から推定。実際の解任発表日とは異なる可能性あり。
J1,2016,名古屋,小倉 隆史,ボシュコ ジュロブスキー,2016-08-20,2016-08-27,2016-08-27,20160820003,20160827007,https://soccer-db.net/result/20160820003,https://soccer-db.net/result/20160827007,inferred_from_match_record,soccer-db,Soccer D.B.の試合別監督名から推定。実際の解任発表日とは異なる可能性あり。
J1,2016,大宮,渋谷 洋樹,黒崎 久志,2016-07-17,2016-07-23,2016-07-23,20160717001,20160723003,https://soccer-db.net/result/20160717001,https://soccer-db.net/result/20160723003,inferred_from_match_record,soccer-db,Soccer D.B.の試合別監督名から推定。実際の解任発表日とは異なる可能性あり。
J1,2016,大宮,黒崎 久志,渋谷 洋樹,2016-07-23,2016-07-30,2016-07-30,20160723003,20160730007,https://soccer-db.net/result/20160723003,https://soccer-db.net/result/20160730007,inferred_from_match_record,soccer-db,Soccer D.B.の試合別監督名から推定。実際の解任発表日とは異なる可能性あり。
J1,2016,新潟,吉田 達磨,片渕 浩一郎,2016-09-25,2016-10-01,2016-10-01,20160925005,20161001004,https://soccer-db.net/result/20160925005,https://soccer-db.net/result/20161001004,inferred_from_match_record,soccer-db,Soccer D.B.の試合別監督名から推定。実際の解任発表日とは異なる可能性あり。
J1,2016,柏,ミルトン メンデス,下平 隆宏,2016-03-12,2016-03-19,2016-03-19,20160312006,20160319004,https://soccer-db.net/result/20160312006,https://soccer-db.net/result/20160319004,inferred_from_match_record,soccer-db,Soccer D.B.の試合別監督名から推定。実際の解任発表日とは異なる可能性あり。
J1,2016,鳥栖,マッシモ フィッカデンティ,ブルーノ コンカ,2016-09-17,2016-09-25,2016-09-25,20160917009,20160925002,https://soccer-db.net/result/20160917009,https://soccer-db.net/result/20160925002,inferred_from_match_record,soccer-db,Soccer D.B.の試合別監督名から推定。実際の解任発表日とは異なる可能性あり。
J1,2016,鳥栖,ブルーノ コンカ,マッシモ フィッカデンティ,2016-09-25,2016-10-01,2016-10-01,20160925002,20161001007,https://soccer-db.net/result/20160925002,https://soccer-db.net/result/20161001007,inferred_from_match_record,soccer-db,Soccer D.B.の試合別監督名から推定。実際の解任発表日とは異なる可能性あり。
J1,2016,鹿島,石井 正忠,大岩 剛,2016-08-20,2016-08-27,2016-08-27,20160820001,20160827002,https://soccer-db.net/result/20160820001,https://soccer-db.net/result/20160827002,inferred_from_match_record,soccer-db,Soccer D.B.の試合別監督名から推定。実際の解任発表日とは異なる可能性あり。
J1,2016,鹿島,大岩 剛,石井 正忠,2016-08-27,2016-09-10,2016-09-10,20160827002,20160910002,https://soccer-db.net/result/20160827002,https://soccer-db.net/result/20160910002,inferred_from_match_record,soccer-db,Soccer D.B.の試合別監督名から推定。実際の解任発表日とは異なる可能性あり。
J1,2017,FC東京,篠田 善之,安間 貴義,2017-09-09,2017-09-16,2017-09-16,20170909002,20170916002,https://soccer-db.net/result/20170909002,https://soccer-db.net/result/20170916002,inferred_from_match_record,soccer-db,Soccer D.B.の試合別監督名から推定。実際の解任発表日とは異なる可能性あり。
J1,2017,大宮,渋谷 洋樹,伊藤 彰,2017-05-27,2017-06-04,2017-06-04,20170527003,20170604007,https://soccer-db.net/result/20170527003,https://soccer-db.net/result/20170604007,inferred_from_match_record,soccer-db,Soccer D.B.の試合別監督名から推定。実際の解任発表日とは異なる可能性あり。
J1,2017,大宮,伊藤 彰,石井 正忠,2017-10-29,2017-11-18,2017-11-18,20171029007,20171118001,https://soccer-db.net/result/20171029007,https://soccer-db.net/result/20171118001,inferred_from_match_record,soccer-db,Soccer D.B.の試合別監督名から推定。実際の解任発表日とは異なる可能性あり。
J1,2017,広島,森保 一,横内 昭展,2017-07-01,2017-07-08,2017-07-08,20170701014,20170708004,https://soccer-db.net/result/20170701014,https://soccer-db.net/result/20170708004,inferred_from_match_record,soccer-db,Soccer D.B.の試合別監督名から推定。実際の解任発表日とは異なる可能性あり。
J1,2017,広島,横内 昭展,ヤン アンデシュ ヨンソン,2017-07-08,2017-07-30,2017-07-30,20170708004,20170730002,https://soccer-db.net/result/20170708004,https://soccer-db.net/result/20170730002,inferred_from_match_record,soccer-db,Soccer D.B.の試合別監督名から推定。実際の解任発表日とは異なる可能性あり。
J1,2017,新潟,三浦 文丈,片渕 浩一郎,2017-05-05,2017-05-14,2017-05-14,20170505002,20170514008,https://soccer-db.net/result/20170505002,https://soccer-db.net/result/20170514008,inferred_from_match_record,soccer-db,Soccer D.B.の試合別監督名から推定。実際の解任発表日とは異なる可能性あり。
J1,2017,新潟,片渕 浩一郎,呂比須 ワグナー,2017-05-14,2017-05-20,2017-05-20,20170514008,20170520004,https://soccer-db.net/result/20170514008,https://soccer-db.net/result/20170520004,inferred_from_match_record,soccer-db,Soccer D.B.の試合別監督名から推定。実際の解任発表日とは異なる可能性あり。
J1,2017,浦和,ミハイロ ペトロビッチ,堀 孝史,2017-07-29,2017-08-05,2017-08-05,20170729001,20170805003,https://soccer-db.net/result/20170729001,https://soccer-db.net/result/20170805003,inferred_from_match_record,soccer-db,Soccer D.B.の試合別監督名から推定。実際の解任発表日とは異なる可能性あり。
J1,2017,神戸,ネルシーニョ,吉田 孝行,2017-08-13,2017-08-20,2017-08-20,20170813006,20170820001,https://soccer-db.net/result/20170813006,https://soccer-db.net/result/20170820001,inferred_from_match_record,soccer-db,Soccer D.B.の試合別監督名から推定。実際の解任発表日とは異なる可能性あり。
J1,2017,鹿島,石井 正忠,大岩 剛,2017-05-19,2017-06-04,2017-06-04,20170519001,20170604003,https://soccer-db.net/result/20170519001,https://soccer-db.net/result/20170604003,inferred_from_match_record,soccer-db,Soccer D.B.の試合別監督名から推定。実際の解任発表日とは異なる可能性あり。
J1,2018,G大阪,レビー クルピ,宮本 恒靖,2018-07-22,2018-07-28,2018-07-28,20180722007,20180728002,https://soccer-db.net/result/20180722007,https://soccer-db.net/result/20180728002,inferred_from_match_record,soccer-db,Soccer D.B.の試合別監督名から推定。実際の解任発表日とは異なる可能性あり。
J1,2018,柏,下平 隆宏,加藤 望,2018-05-12,2018-05-20,2018-05-20,20180512006,20180520002,https://soccer-db.net/result/20180512006,https://soccer-db.net/result/20180520002,inferred_from_match_record,soccer-db,Soccer D.B.の試合別監督名から推定。実際の解任発表日とは異なる可能性あり。
J1,2018,柏,加藤 望,岩瀬 健,2018-11-06,2018-11-24,2018-11-24,20181106002,20181124007,https://soccer-db.net/result/20181106002,https://soccer-db.net/result/20181124007,inferred_from_match_record,soccer-db,Soccer D.B.の試合別監督名から推定。実際の解任発表日とは異なる可能性あり。
J1,2018,横浜FM,アンジェ ポステコグルー,ピーター クラモフスキー,2018-07-18,2018-07-22,2018-07-22,20180718002,20180722005,https://soccer-db.net/result/20180718002,https://soccer-db.net/result/20180722005,inferred_from_match_record,soccer-db,Soccer D.B.の試合別監督名から推定。実際の解任発表日とは異なる可能性あり。
J1,2018,横浜FM,ピーター クラモフスキー,アンジェ ポステコグルー,2018-07-22,2018-08-01,2018-08-01,20180722005,20180801009,https://soccer-db.net/result/20180722005,https://soccer-db.net/result/20180801009,inferred_from_match_record,soccer-db,Soccer D.B.の試合別監督名から推定。実際の解任発表日とは異なる可能性あり。
J1,2018,浦和,堀 孝史,大槻 毅,2018-04-01,2018-04-07,2018-04-07,20180401001,20180407004,https://soccer-db.net/result/20180401001,https://soccer-db.net/result/20180407004,inferred_from_match_record,soccer-db,Soccer D.B.の試合別監督名から推定。実際の解任発表日とは異なる可能性あり。
J1,2018,浦和,大槻 毅,オズワルド オリベイラ,2018-04-21,2018-04-25,2018-04-25,20180421004,20180425003,https://soccer-db.net/result/20180421004,https://soccer-db.net/result/20180425003,inferred_from_match_record,soccer-db,Soccer D.B.の試合別監督名から推定。実際の解任発表日とは異なる可能性あり。
J1,2018,浦和,オズワルド オリベイラ,大槻 毅,2018-08-26,2018-09-01,2018-09-01,20180826001,20180901003,https://soccer-db.net/result/20180826001,https://soccer-db.net/result/20180901003,inferred_from_match_record,soccer-db,Soccer D.B.の試合別監督名から推定。実際の解任発表日とは異なる可能性あり。
J1,2018,浦和,大槻 毅,オズワルド オリベイラ,2018-09-16,2018-09-23,2018-09-23,20180916001,20180923002,https://soccer-db.net/result/20180916001,https://soccer-db.net/result/20180923002,inferred_from_match_record,soccer-db,Soccer D.B.の試合別監督名から推定。実際の解任発表日とは異なる可能性あり。
J1,2018,清水,ヤン アンデシュ ヨンソン,篠田 善之,2018-11-02,2018-11-10,2018-11-10,20181102001,20181110003,https://soccer-db.net/result/20181102001,https://soccer-db.net/result/20181110003,inferred_from_match_record,soccer-db,Soccer D.B.の試合別監督名から推定。実際の解任発表日とは異なる可能性あり。
J1,2018,清水,篠田 善之,ヤン アンデシュ ヨンソン,2018-11-10,2018-11-24,2018-11-24,20181110003,20181124004,https://soccer-db.net/result/20181110003,https://soccer-db.net/result/20181124004,inferred_from_match_record,soccer-db,Soccer D.B.の試合別監督名から推定。実際の解任発表日とは異なる可能性あり。
J1,2018,神戸,吉田 孝行,林 健太郎,2018-09-15,2018-09-23,2018-09-23,20180915003,20180923002,https://soccer-db.net/result/20180915003,https://soccer-db.net/result/20180923002,inferred_from_match_record,soccer-db,Soccer D.B.の試合別監督名から推定。実際の解任発表日とは異なる可能性あり。
J1,2018,神戸,林 健太郎,フアン マヌエル リージョ,2018-09-29,2018-10-06,2018-10-06,20180929005,20181006002,https://soccer-db.net/result/20180929005,https://soccer-db.net/result/20181006002,inferred_from_match_record,soccer-db,Soccer D.B.の試合別監督名から推定。実際の解任発表日とは異なる可能性あり。
J1,2018,鳥栖,ブルーノ コンカ,マッシモ フィッカデンティ,2018-02-23,2018-03-03,2018-03-03,20180223001,20180303005,https://soccer-db.net/result/20180223001,https://soccer-db.net/result/20180303005,inferred_from_match_record,soccer-db,Soccer D.B.の試合別監督名から推定。実際の解任発表日とは異なる可能性あり。
J1,2018,鳥栖,マッシモ フィッカデンティ,キン ミョンヒ,2018-10-06,2018-10-20,2018-10-20,20181006004,20181020001,https://soccer-db.net/result/20181006004,https://soccer-db.net/result/20181020001,inferred_from_match_record,soccer-db,Soccer D.B.の試合別監督名から推定。実際の解任発表日とは異なる可能性あり。
J1,2019,名古屋,風間 八宏,マッシモ フィッカデンティ,2019-09-13,2019-09-28,2019-09-28,20190913001,20190928005,https://soccer-db.net/result/20190913001,https://soccer-db.net/result/20190928005,inferred_from_match_record,soccer-db,Soccer D.B.の試合別監督名から推定。実際の解任発表日とは異なる可能性あり。
J1,2019,浦和,オズワルド オリベイラ,大槻 毅,2019-05-26,2019-06-01,2019-06-01,20190526002,20190601007,https://soccer-db.net/result/20190526002,https://soccer-db.net/result/20190601007,inferred_from_match_record,soccer-db,Soccer D.B.の試合別監督名から推定。実際の解任発表日とは異なる可能性あり。
J1,2019,浦和,大槻 毅,上野 優作,2019-11-01,2019-11-05,2019-11-05,20191101001,20191105001,https://soccer-db.net/result/20191101001,https://soccer-db.net/result/20191105001,inferred_from_match_record,soccer-db,Soccer D.B.の試合別監督名から推定。実際の解任発表日とは異なる可能性あり。
J1,2019,浦和,上野 優作,大槻 毅,2019-11-05,2019-11-30,2019-11-30,20191105001,20191130003,https://soccer-db.net/result/20191105001,https://soccer-db.net/result/20191130003,inferred_from_match_record,soccer-db,Soccer D.B.の試合別監督名から推定。実際の解任発表日とは異なる可能性あり。
J1,2019,清水,ヤン アンデシュ ヨンソン,篠田 善之,2019-05-12,2019-05-18,2019-05-18,20190512004,20190518005,https://soccer-db.net/result/20190512004,https://soccer-db.net/result/20190518005,inferred_from_match_record,soccer-db,Soccer D.B.の試合別監督名から推定。実際の解任発表日とは異なる可能性あり。
J1,2019,湘南,チョウ キジェ,高橋 健二,2019-08-11,2019-08-17,2019-08-17,20190811002,20190817005,https://soccer-db.net/result/20190811002,https://soccer-db.net/result/20190817005,inferred_from_match_record,soccer-db,Soccer D.B.の試合別監督名から推定。実際の解任発表日とは異なる可能性あり。
J1,2019,湘南,高橋 健二,浮嶋 敏,2019-10-06,2019-10-19,2019-10-19,20191006002,20191019001,https://soccer-db.net/result/20191006002,https://soccer-db.net/result/20191019001,inferred_from_match_record,soccer-db,Soccer D.B.の試合別監督名から推定。実際の解任発表日とは異なる可能性あり。
J1,2019,磐田,名波 浩,鈴木 秀人,2019-06-30,2019-07-06,2019-07-06,20190630006,20190706002,https://soccer-db.net/result/20190630006,https://soccer-db.net/result/20190706002,inferred_from_match_record,soccer-db,Soccer D.B.の試合別監督名から推定。実際の解任発表日とは異なる可能性あり。
J1,2019,磐田,鈴木 秀人,小林 稔,2019-08-11,2019-08-18,2019-08-18,20190811002,20190818002,https://soccer-db.net/result/20190811002,https://soccer-db.net/result/20190818002,inferred_from_match_record,soccer-db,Soccer D.B.の試合別監督名から推定。実際の解任発表日とは異なる可能性あり。
J1,2019,磐田,小林 稔,フェルナンド フベロ,2019-08-18,2019-08-24,2019-08-24,20190818002,20190824004,https://soccer-db.net/result/20190818002,https://soccer-db.net/result/20190824004,inferred_from_match_record,soccer-db,Soccer D.B.の試合別監督名から推定。実際の解任発表日とは異なる可能性あり。
J1,2019,神戸,フアン マヌエル リージョ,吉田 孝行,2019-04-14,2019-04-20,2019-04-20,20190414005,20190420002,https://soccer-db.net/result/20190414005,https://soccer-db.net/result/20190420002,inferred_from_match_record,soccer-db,Soccer D.B.の試合別監督名から推定。実際の解任発表日とは異なる可能性あり。
J1,2019,神戸,吉田 孝行,トルステン フィンク,2019-06-01,2019-06-15,2019-06-15,20190601004,20190615003,https://soccer-db.net/result/20190601004,https://soccer-db.net/result/20190615003,inferred_from_match_record,soccer-db,Soccer D.B.の試合別監督名から推定。実際の解任発表日とは異なる可能性あり。
J1,2019,鳥栖,ルイス カレーラス,キン ミョンヒ,2019-04-28,2019-05-04,2019-05-04,20190428008,20190504005,https://soccer-db.net/result/20190428008,https://soccer-db.net/result/20190504005,inferred_from_match_record,soccer-db,Soccer D.B.の試合別監督名から推定。実際の解任発表日とは異なる可能性あり。
J1,2020,広島,城福 浩,沢田 謙太郎,2020-10-14,2020-10-18,2020-10-18,20201014008,20201018007,https://soccer-db.net/result/20201014008,https://soccer-db.net/result/20201018007,inferred_from_match_record,soccer-db,Soccer D.B.の試合別監督名から推定。実際の解任発表日とは異なる可能性あり。
J1,2020,広島,沢田 謙太郎,城福 浩,2020-10-18,2020-10-24,2020-10-24,20201018007,20201024002,https://soccer-db.net/result/20201018007,https://soccer-db.net/result/20201024002,inferred_from_match_record,soccer-db,Soccer D.B.の試合別監督名から推定。実際の解任発表日とは異なる可能性あり。
J1,2020,広島,城福 浩,沢田 謙太郎,2020-12-16,2020-12-19,2020-12-19,20201216006,20201219007,https://soccer-db.net/result/20201216006,https://soccer-db.net/result/20201219007,inferred_from_match_record,soccer-db,Soccer D.B.の試合別監督名から推定。実際の解任発表日とは異なる可能性あり。
J1,2020,横浜FC,下平 隆宏,増田 功作,2020-11-25,2020-11-29,2020-11-29,20201125003,20201129004,https://soccer-db.net/result/20201125003,https://soccer-db.net/result/20201129004,inferred_from_match_record,soccer-db,Soccer D.B.の試合別監督名から推定。実際の解任発表日とは異なる可能性あり。
J1,2020,横浜FC,増田 功作,下平 隆宏,2020-11-29,2020-12-05,2020-12-05,20201129004,20201205003,https://soccer-db.net/result/20201129004,https://soccer-db.net/result/20201205003,inferred_from_match_record,soccer-db,Soccer D.B.の試合別監督名から推定。実際の解任発表日とは異なる可能性あり。
J1,2020,清水,ピーター クラモフスキー,平岡 宏章,2020-10-31,2020-11-03,2020-11-03,20201031003,20201103004,https://soccer-db.net/result/20201031003,https://soccer-db.net/result/20201103004,inferred_from_match_record,soccer-db,Soccer D.B.の試合別監督名から推定。実際の解任発表日とは異なる可能性あり。
J1,2020,神戸,トルステン フィンク,マルコス ビベス,2020-09-19,2020-09-23,2020-09-23,20200919012,20200923008,https://soccer-db.net/result/20200919012,https://soccer-db.net/result/20200923008,inferred_from_match_record,soccer-db,Soccer D.B.の試合別監督名から推定。実際の解任発表日とは異なる可能性あり。
J1,2020,神戸,マルコス ビベス,三浦 淳寛,2020-09-23,2020-09-26,2020-09-26,20200923008,20200926003,https://soccer-db.net/result/20200923008,https://soccer-db.net/result/20200926003,inferred_from_match_record,soccer-db,Soccer D.B.の試合別監督名から推定。実際の解任発表日とは異なる可能性あり。
J1,2021,C大阪,レビー クルピ,小菊 昭雄,2021-04-02,2021-04-06,2021-04-06,20210402001,20210406001,https://soccer-db.net/result/20210402001,https://soccer-db.net/result/20210406001,inferred_from_match_record,soccer-db,Soccer D.B.の試合別監督名から推定。実際の解任発表日とは異なる可能性あり。
J1,2021,C大阪,小菊 昭雄,レビー クルピ,2021-04-10,2021-04-14,2021-04-14,20210410002,20210414002,https://soccer-db.net/result/20210410002,https://soccer-db.net/result/20210414002,inferred_from_match_record,soccer-db,Soccer D.B.の試合別監督名から推定。実際の解任発表日とは異なる可能性あり。
J1,2021,C大阪,レビー クルピ,小菊 昭雄,2021-08-25,2021-08-28,2021-08-28,20210825009,20210828003,https://soccer-db.net/result/20210825009,https://soccer-db.net/result/20210828003,inferred_from_match_record,soccer-db,Soccer D.B.の試合別監督名から推定。実際の解任発表日とは異なる可能性あり。
J1,2021,FC東京,長谷川 健太,森下 申一,2021-11-06,2021-11-20,2021-11-20,20211106001,20211120005,https://soccer-db.net/result/20211106001,https://soccer-db.net/result/20211120005,inferred_from_match_record,soccer-db,Soccer D.B.の試合別監督名から推定。実際の解任発表日とは異なる可能性あり。
J1,2021,G大阪,宮本 恒靖,松波 正信,2021-05-12,2021-05-16,2021-05-16,20210512002,20210516002,https://soccer-db.net/result/20210512002,https://soccer-db.net/result/20210516002,inferred_from_match_record,soccer-db,Soccer D.B.の試合別監督名から推定。実際の解任発表日とは異なる可能性あり。
J1,2021,仙台,手倉森 誠,原崎 政人,2021-11-20,2021-11-27,2021-11-27,20211120001,20211127009,https://soccer-db.net/result/20211120001,https://soccer-db.net/result/20211127009,inferred_from_match_record,soccer-db,Soccer D.B.の試合別監督名から推定。実際の解任発表日とは異なる可能性あり。
J1,2021,名古屋,マッシモ フィッカデンティ,ブルーノ コンカ,2021-04-22,2021-04-29,2021-04-29,20210422001,20210429001,https://soccer-db.net/result/20210422001,https://soccer-db.net/result/20210429001,inferred_from_match_record,soccer-db,Soccer D.B.の試合別監督名から推定。実際の解任発表日とは異なる可能性あり。
J1,2021,名古屋,ブルーノ コンカ,マッシモ フィッカデンティ,2021-05-12,2021-05-15,2021-05-15,20210512003,20210515002,https://soccer-db.net/result/20210512003,https://soccer-db.net/result/20210515002,inferred_from_match_record,soccer-db,Soccer D.B.の試合別監督名から推定。実際の解任発表日とは異なる可能性あり。
J1,2021,広島,城福 浩,沢田 謙太郎,2021-10-23,2021-11-03,2021-11-03,20211023008,20211103008,https://soccer-db.net/result/20211023008,https://soccer-db.net/result/20211103008,inferred_from_match_record,soccer-db,Soccer D.B.の試合別監督名から推定。実際の解任発表日とは異なる可能性あり。
J1,2021,徳島,甲本 偉嗣,ダニエル ポヤトス,2021-04-14,2021-04-17,2021-04-17,20210414002,20210417012,https://soccer-db.net/result/20210414002,https://soccer-db.net/result/20210417012,inferred_from_match_record,soccer-db,Soccer D.B.の試合別監督名から推定。実際の解任発表日とは異なる可能性あり。
J1,2021,横浜FC,下平 隆宏,早川 知伸,2021-04-07,2021-04-11,2021-04-11,20210407004,20210411005,https://soccer-db.net/result/20210407004,https://soccer-db.net/result/20210411005,inferred_from_match_record,soccer-db,Soccer D.B.の試合別監督名から推定。実際の解任発表日とは異なる可能性あり。
J1,2021,横浜FM,アンジェ ポステコグルー,松永 英機,2021-05-30,2021-06-23,2021-06-23,20210530001,20210623003,https://soccer-db.net/result/20210530001,https://soccer-db.net/result/20210623003,inferred_from_match_record,soccer-db,Soccer D.B.の試合別監督名から推定。実際の解任発表日とは異なる可能性あり。
J1,2021,横浜FM,松永 英機,ケビン マスカット,2021-07-10,2021-08-06,2021-08-06,20210710001,20210806001,https://soccer-db.net/result/20210710001,https://soccer-db.net/result/20210806001,inferred_from_match_record,soccer-db,Soccer D.B.の試合別監督名から推定。実際の解任発表日とは異なる可能性あり。
J1,2021,清水,ミゲル アンヘル ロティーナ,平岡 宏章,2021-11-03,2021-11-06,2021-11-06,20211103002,20211106002,https://soccer-db.net/result/20211103002,https://soccer-db.net/result/20211106002,inferred_from_match_record,soccer-db,Soccer D.B.の試合別監督名から推定。実際の解任発表日とは異なる可能性あり。
J1,2021,湘南,浮嶋 敏,山口 智,2021-08-29,2021-09-11,2021-09-11,20210829004,20210911006,https://soccer-db.net/result/20210829004,https://soccer-db.net/result/20210911006,inferred_from_match_record,soccer-db,Soccer D.B.の試合別監督名から推定。実際の解任発表日とは異なる可能性あり。
J1,2021,鳥栖,キン ミョンヒ,片渕 浩一郎,2021-07-03,2021-07-17,2021-07-17,20210703004,20210717003,https://soccer-db.net/result/20210703004,https://soccer-db.net/result/20210717003,inferred_from_match_record,soccer-db,Soccer D.B.の試合別監督名から推定。実際の解任発表日とは異なる可能性あり。
J1,2021,鳥栖,片渕 浩一郎,キン ミョンヒ,2021-08-09,2021-08-14,2021-08-14,20210809008,20210814003,https://soccer-db.net/result/20210809008,https://soccer-db.net/result/20210814003,inferred_from_match_record,soccer-db,Soccer D.B.の試合別監督名から推定。実際の解任発表日とは異なる可能性あり。
J1,2021,鹿島,ザーゴ,相馬 直樹,2021-04-11,2021-04-17,2021-04-17,20210411001,20210417012,https://soccer-db.net/result/20210411001,https://soccer-db.net/result/20210417012,inferred_from_match_record,soccer-db,Soccer D.B.の試合別監督名から推定。実際の解任発表日とは異なる可能性あり。
J1,2021,鹿島,相馬 直樹,パシェコ,2021-07-11,2021-07-24,2021-07-24,20210711003,20210724001,https://soccer-db.net/result/20210711003,https://soccer-db.net/result/20210724001,inferred_from_match_record,soccer-db,Soccer D.B.の試合別監督名から推定。実際の解任発表日とは異なる可能性あり。
J1,2021,鹿島,パシェコ,相馬 直樹,2021-07-24,2021-08-09,2021-08-09,20210724001,20210809003,https://soccer-db.net/result/20210724001,https://soccer-db.net/result/20210809003,inferred_from_match_record,soccer-db,Soccer D.B.の試合別監督名から推定。実際の解任発表日とは異なる可能性あり。
J1,2022,C大阪,小菊 昭雄,高橋 大輔,2022-07-30,2022-08-06,2022-08-06,20220730005,20220806004,https://soccer-db.net/result/20220730005,https://soccer-db.net/result/20220806004,inferred_from_match_record,soccer-db,Soccer D.B.の試合別監督名から推定。実際の解任発表日とは異なる可能性あり。
J1,2022,C大阪,高橋 大輔,小菊 昭雄,2022-08-06,2022-08-27,2022-08-27,20220806004,20220827003,https://soccer-db.net/result/20220806004,https://soccer-db.net/result/20220827003,inferred_from_match_record,soccer-db,Soccer D.B.の試合別監督名から推定。実際の解任発表日とは異なる可能性あり。
J1,2022,G大阪,片野坂 知宏,松田 浩,2022-08-14,2022-08-20,2022-08-20,20220814003,20220820003,https://soccer-db.net/result/20220814003,https://soccer-db.net/result/20220820003,inferred_from_match_record,soccer-db,Soccer D.B.の試合別監督名から推定。実際の解任発表日とは異なる可能性あり。
J1,2022,京都,チョウ キジェ,杉山 弘一,2022-04-10,2022-04-17,2022-04-17,20220410007,20220417005,https://soccer-db.net/result/20220410007,https://soccer-db.net/result/20220417005,inferred_from_match_record,soccer-db,Soccer D.B.の試合別監督名から推定。実際の解任発表日とは異なる可能性あり。
J1,2022,京都,杉山 弘一,チョウ キジェ,2022-04-17,2022-04-29,2022-04-29,20220417005,20220429006,https://soccer-db.net/result/20220417005,https://soccer-db.net/result/20220429006,inferred_from_match_record,soccer-db,Soccer D.B.の試合別監督名から推定。実際の解任発表日とは異なる可能性あり。
J1,2022,川崎F,鬼木 達,寺田 周平,2022-07-02,2022-07-09,2022-07-09,20220702006,20220709001,https://soccer-db.net/result/20220702006,https://soccer-db.net/result/20220709001,inferred_from_match_record,soccer-db,Soccer D.B.の試合別監督名から推定。実際の解任発表日とは異なる可能性あり。
J1,2022,川崎F,寺田 周平,鬼木 達,2022-07-09,2022-07-30,2022-07-30,20220709001,20220730002,https://soccer-db.net/result/20220709001,https://soccer-db.net/result/20220730002,inferred_from_match_record,soccer-db,Soccer D.B.の試合別監督名から推定。実際の解任発表日とは異なる可能性あり。
J1,2022,広島,迫井 深也,ミヒャエル スキッベ,2022-02-26,2022-03-06,2022-03-06,20220226003,20220306006,https://soccer-db.net/result/20220226003,https://soccer-db.net/result/20220306006,inferred_from_match_record,soccer-db,Soccer D.B.の試合別監督名から推定。実際の解任発表日とは異なる可能性あり。
J1,2022,柏,ネルシーニョ,井原 正巳,2022-04-09,2022-04-17,2022-04-17,20220409001,20220417005,https://soccer-db.net/result/20220409001,https://soccer-db.net/result/20220417005,inferred_from_match_record,soccer-db,Soccer D.B.の試合別監督名から推定。実際の解任発表日とは異なる可能性あり。
J1,2022,柏,井原 正巳,ネルシーニョ,2022-04-17,2022-04-29,2022-04-29,20220417005,20220429003,https://soccer-db.net/result/20220417005,https://soccer-db.net/result/20220429003,inferred_from_match_record,soccer-db,Soccer D.B.の試合別監督名から推定。実際の解任発表日とは異なる可能性あり。
J1,2022,清水,平岡 宏章,ゼ リカルド,2022-05-29,2022-06-18,2022-06-18,20220529005,20220618003,https://soccer-db.net/result/20220529005,https://soccer-db.net/result/20220618003,inferred_from_match_record,soccer-db,Soccer D.B.の試合別監督名から推定。実際の解任発表日とは異なる可能性あり。
J1,2022,湘南,山口 智,高橋 健二,2022-09-10,2022-09-17,2022-09-17,20220910004,20220917002,https://soccer-db.net/result/20220910004,https://soccer-db.net/result/20220917002,inferred_from_match_record,soccer-db,Soccer D.B.の試合別監督名から推定。実際の解任発表日とは異なる可能性あり。
J1,2022,湘南,高橋 健二,山口 智,2022-09-17,2022-10-01,2022-10-01,20220917002,20221001005,https://soccer-db.net/result/20220917002,https://soccer-db.net/result/20221001005,inferred_from_match_record,soccer-db,Soccer D.B.の試合別監督名から推定。実際の解任発表日とは異なる可能性あり。
J1,2022,磐田,伊藤 彰,渋谷 洋樹,2022-08-13,2022-08-19,2022-08-19,20220813002,20220819001,https://soccer-db.net/result/20220813002,https://soccer-db.net/result/20220819001,inferred_from_match_record,soccer-db,Soccer D.B.の試合別監督名から推定。実際の解任発表日とは異なる可能性あり。
J1,2022,神戸,三浦 淳寛,リュイス プラナグマ,2022-03-19,2022-04-02,2022-04-02,20220319001,20220402008,https://soccer-db.net/result/20220319001,https://soccer-db.net/result/20220402008,inferred_from_match_record,soccer-db,Soccer D.B.の試合別監督名から推定。実際の解任発表日とは異なる可能性あり。
J1,2022,神戸,リュイス プラナグマ,ミゲル アンヘル ロティーナ,2022-04-06,2022-04-10,2022-04-10,20220406002,20220410008,https://soccer-db.net/result/20220406002,https://soccer-db.net/result/20220410008,inferred_from_match_record,soccer-db,Soccer D.B.の試合別監督名から推定。実際の解任発表日とは異なる可能性あり。
J1,2022,神戸,ミゲル アンヘル ロティーナ,吉田 孝行,2022-06-26,2022-07-02,2022-07-02,20220626004,20220702009,https://soccer-db.net/result/20220626004,https://soccer-db.net/result/20220702009,inferred_from_match_record,soccer-db,Soccer D.B.の試合別監督名から推定。実際の解任発表日とは異なる可能性あり。
J1,2022,鹿島,岩政 大樹,レネ ヴァイラー,2022-03-11,2022-03-19,2022-03-19,20220311001,20220319005,https://soccer-db.net/result/20220311001,https://soccer-db.net/result/20220319005,inferred_from_match_record,soccer-db,Soccer D.B.の試合別監督名から推定。実際の解任発表日とは異なる可能性あり。
J1,2022,鹿島,レネ ヴァイラー,岩政 大樹,2022-08-06,2022-08-14,2022-08-14,20220806001,20220814001,https://soccer-db.net/result/20220806001,https://soccer-db.net/result/20220814001,inferred_from_match_record,soccer-db,Soccer D.B.の試合別監督名から推定。実際の解任発表日とは異なる可能性あり。
J1,2023,FC東京,アルベルト プッチ オルトネダ,ピーター クラモフスキー,2023-06-11,2023-06-24,2023-06-24,20230611004,20230624013,https://soccer-db.net/result/20230611004,https://soccer-db.net/result/20230624013,inferred_from_match_record,soccer-db,Soccer D.B.の試合別監督名から推定。実際の解任発表日とは異なる可能性あり。
J1,2023,広島,ミヒャエル スキッベ,迫井 深也,2023-07-01,2023-07-08,2023-07-08,20230701002,20230708002,https://soccer-db.net/result/20230701002,https://soccer-db.net/result/20230708002,inferred_from_match_record,soccer-db,Soccer D.B.の試合別監督名から推定。実際の解任発表日とは異なる可能性あり。
J1,2023,広島,迫井 深也,ミヒャエル スキッベ,2023-07-08,2023-07-16,2023-07-16,20230708002,20230716001,https://soccer-db.net/result/20230708002,https://soccer-db.net/result/20230716001,inferred_from_match_record,soccer-db,Soccer D.B.の試合別監督名から推定。実際の解任発表日とは異なる可能性あり。
J1,2023,柏,ネルシーニョ,井原 正巳,2023-05-13,2023-05-20,2023-05-20,20230513003,20230520005,https://soccer-db.net/result/20230513003,https://soccer-db.net/result/20230520005,inferred_from_match_record,soccer-db,Soccer D.B.の試合別監督名から推定。実際の解任発表日とは異なる可能性あり。
J1,2023,横浜FC,四方田 修平,ジョン ハッチンソン,2023-05-28,2023-06-03,2023-06-03,20230528003,20230603005,https://soccer-db.net/result/20230528003,https://soccer-db.net/result/20230603005,inferred_from_match_record,soccer-db,Soccer D.B.の試合別監督名から推定。実際の解任発表日とは異なる可能性あり。
J1,2023,横浜FC,ジョン ハッチンソン,四方田 修平,2023-06-03,2023-06-11,2023-06-11,20230603005,20230611005,https://soccer-db.net/result/20230603005,https://soccer-db.net/result/20230611005,inferred_from_match_record,soccer-db,Soccer D.B.の試合別監督名から推定。実際の解任発表日とは異なる可能性あり。
J1,2024,柏,井原 正巳,栗澤 僚一,2024-06-30,2024-07-06,2024-07-06,20240630007,20240706008,https://soccer-db.net/result/20240630007,https://soccer-db.net/result/20240706008,inferred_from_match_record,soccer-db,Soccer D.B.の試合別監督名から推定。実際の解任発表日とは異なる可能性あり。
J1,2024,柏,栗澤 僚一,井原 正巳,2024-07-06,2024-07-14,2024-07-14,20240706008,20240714002,https://soccer-db.net/result/20240706008,https://soccer-db.net/result/20240714002,inferred_from_match_record,soccer-db,Soccer D.B.の試合別監督名から推定。実際の解任発表日とは異なる可能性あり。
J1,2024,横浜FM,ハリー キューウェル,ジョン ハッチンソン,2024-07-14,2024-07-20,2024-07-20,20240714008,20240720001,https://soccer-db.net/result/20240714008,https://soccer-db.net/result/20240720001,inferred_from_match_record,soccer-db,Soccer D.B.の試合別監督名から推定。実際の解任発表日とは異なる可能性あり。
J1,2024,浦和,ペアマティアス ヘグモ,池田 伸康,2024-08-17,2024-08-31,2024-08-31,20240817001,20240831001,https://soccer-db.net/result/20240817001,https://soccer-db.net/result/20240831001,inferred_from_match_record,soccer-db,Soccer D.B.の試合別監督名から推定。実際の解任発表日とは異なる可能性あり。
J1,2024,浦和,池田 伸康,マチェイ スコルジャ,2024-08-31,2024-09-14,2024-09-14,20240831001,20240914004,https://soccer-db.net/result/20240831001,https://soccer-db.net/result/20240914004,inferred_from_match_record,soccer-db,Soccer D.B.の試合別監督名から推定。実際の解任発表日とは異なる可能性あり。
J1,2024,神戸,吉田 孝行,菅原 智,2024-02-24,2024-03-02,2024-03-02,20240224001,20240302001,https://soccer-db.net/result/20240224001,https://soccer-db.net/result/20240302001,inferred_from_match_record,soccer-db,Soccer D.B.の試合別監督名から推定。実際の解任発表日とは異なる可能性あり。
J1,2024,神戸,菅原 智,吉田 孝行,2024-03-02,2024-03-09,2024-03-09,20240302001,20240309007,https://soccer-db.net/result/20240302001,https://soccer-db.net/result/20240309007,inferred_from_match_record,soccer-db,Soccer D.B.の試合別監督名から推定。実際の解任発表日とは異なる可能性あり。
J1,2024,鳥栖,川井 健太,木谷 公亮,2024-08-07,2024-08-11,2024-08-11,20240807008,20240811007,https://soccer-db.net/result/20240807008,https://soccer-db.net/result/20240811007,inferred_from_match_record,soccer-db,Soccer D.B.の試合別監督名から推定。実際の解任発表日とは異なる可能性あり。
J1,2024,鹿島,ランコ ポポビッチ,中後 雅喜,2024-10-05,2024-10-19,2024-10-19,20241005001,20241019002,https://soccer-db.net/result/20241005001,https://soccer-db.net/result/20241019002,inferred_from_match_record,soccer-db,Soccer D.B.の試合別監督名から推定。実際の解任発表日とは異なる可能性あり。
J1,2025,広島,ミヒャエル スキッベ,迫井 深也,2025-04-20,2025-04-25,2025-04-25,20250420002,20250425007,https://soccer-db.net/result/20250420002,https://soccer-db.net/result/20250425007,inferred_from_match_record,soccer-db,Soccer D.B.の試合別監督名から推定。実際の解任発表日とは異なる可能性あり。
J1,2025,広島,迫井 深也,ミヒャエル スキッベ,2025-04-29,2025-05-03,2025-05-03,20250429002,20250503001,https://soccer-db.net/result/20250429002,https://soccer-db.net/result/20250503001,inferred_from_match_record,soccer-db,Soccer D.B.の試合別監督名から推定。実際の解任発表日とは異なる可能性あり。
J1,2025,新潟,樹森 大介,入江 徹,2025-06-21,2025-06-25,2025-06-25,20250621002,20250625001,https://soccer-db.net/result/20250621002,https://soccer-db.net/result/20250625001,inferred_from_match_record,soccer-db,Soccer D.B.の試合別監督名から推定。実際の解任発表日とは異なる可能性あり。
J1,2025,新潟,入江 徹,吉本 岳史,2025-08-23,2025-08-31,2025-08-31,20250823006,20250831005,https://soccer-db.net/result/20250823006,https://soccer-db.net/result/20250831005,inferred_from_match_record,soccer-db,Soccer D.B.の試合別監督名から推定。実際の解任発表日とは異なる可能性あり。
J1,2025,新潟,吉本 岳史,入江 徹,2025-08-31,2025-09-13,2025-09-13,20250831005,20250913006,https://soccer-db.net/result/20250831005,https://soccer-db.net/result/20250913006,inferred_from_match_record,soccer-db,Soccer D.B.の試合別監督名から推定。実際の解任発表日とは異なる可能性あり。
J1,2025,横浜FC,四方田 修平,三浦 文丈,2025-07-20,2025-08-09,2025-08-09,20250720003,20250809001,https://soccer-db.net/result/20250720003,https://soccer-db.net/result/20250809001,inferred_from_match_record,soccer-db,Soccer D.B.の試合別監督名から推定。実際の解任発表日とは異なる可能性あり。
J1,2025,横浜FM,スティーブ ホーランド,パトリック キスノーボ,2025-04-16,2025-04-20,2025-04-20,20250416001,20250420009,https://soccer-db.net/result/20250416001,https://soccer-db.net/result/20250420009,inferred_from_match_record,soccer-db,Soccer D.B.の試合別監督名から推定。実際の解任発表日とは異なる可能性あり。
J1,2025,横浜FM,パトリック キスノーボ,大島 秀夫,2025-06-15,2025-06-21,2025-06-21,20250615001,20250621007,https://soccer-db.net/result/20250615001,https://soccer-db.net/result/20250621007,inferred_from_match_record,soccer-db,Soccer D.B.の試合別監督名から推定。実際の解任発表日とは異なる可能性あり。
